{"marker lineage": "o__Bacillales", "# genomes": 139, "# markers": 508, "# marker sets": 174, "0": 1, "1": 506, "2": 1, "3": 0, "4": 0, "5+": 0, "Completeness": 99.42528735632185, "Contamination": 0.28735632183908044, "GC": 0.35217544494646275, "GC std": 0.025916852948371878, "Genome size": 6138997, "# ambiguous bases": 0, "# scaffolds": 7, "# contigs": 7, "Longest scaffold": 5407614, "Longest contig": 5407614, "N50 (scaffolds)": 5407614, "N50 (contigs)": 5407614, "Mean scaffold length": 876999.5714285715, "Mean contig length": 876999.5714285715, "Coding density": 0.8157138698715768, "Translation table": 11, "# predicted genes": 6148, "GCN0": ["PF13603"], "GCN1": ["PF00252", "TIGR03596", "PF00627", "PF06014", "PF10141", "TIGR00186", "PF00401", "PF05670", "TIGR01341", "PF00831", "TIGR03426", "PF13742", "PF00327", "PF01713", "TIGR01740", "PF02542", "PF07949", "PF02674", "TIGR00528", "PF06569", "TIGR00041", "PF13769", "PF13484", "PF02547", "PF00889", "PF02578", "PF01928", "PF07441", "PF03952", "TIGR01051", "TIGR01087", "PF02548", "PF10418", "PF02575", "PF07319", "PF07285", "PF02491", "PF02152", "TIGR00247", "PF01406", "TIGR02884", "PF00162", "PF05580", "PF01272", "PF00926", "PF04565", "PF00745", "PF11967", "PF00573", "PF09551", "PF00281", "PF01808", "PF03461", "PF00830", "PF01884", "PF08299", "PF09671", "PF00113", "TIGR01091", "TIGR00499", "PF00697", "TIGR02830", "PF00453", "PF00406", "TIGR00183", "PF01933", "TIGR00611", "TIGR00121", "TIGR02705", "PF02130", "PF01245", "TIGR00717", "PF02504", "PF00709", "TIGR03725", "TIGR00639", "PF01208", "PF11734", "TIGR01259", "PF10702", "PF04472", "TIGR01083", "PF00213", "TIGR01162", "PF02699", "PF01782", "PF00237", "PF06415", "PF06156", "PF04551", "PF08741", "TIGR01980", "PF00623", "TIGR00593", "TIGR03723", "PF02527", "PF06265", "PF01649", "PF04241", "PF02576", "TIGR00409", "PF14036", "PF00118", "PF10396", "PF04296", "PF09546", "PF09269", "PF00380", "PF02616", "PF03672", "TIGR01172", "PF06144", "PF04563", "PF04452", "TIGR00460", "PF01205", "PF00584", "PF04079", "PF00140", "PF03481", "PF02390", "TIGR02851", "PF02403", "PF13184", "PF03840", "PF03946", "TIGR00445", "PF05190", "PF03143", "PF03668", "PF02773", "PF02603", "PF01424", "PF02190", "PF04816", "PF00438", "PF03719", "TIGR03999", "PF01293", "PF02410", "PF06612", "PF02934", "PF04026", "PF01121", "PF00410", "TIGR00382", "TIGR00096", "PF11987", "PF01632", "PF05491", "PF06778", "PF09285", "PF13684", "TIGR01979", "PF01250", "PF06798", "PF02742", "PF02938", "PF01119", "PF00218", "TIGR03594", "PF07187", "TIGR02835", "PF04238", "PF01746", "PF00164", "PF12072", "PF00886", "PF10298", "PF01628", "PF03799", "PF03652", "PF01795", "PF00829", "PF04263", "TIGR01079", "TIGR03188", "PF09182", "PF08331", "PF01624", "PF00166", "PF13292", "PF00466", "PF01219", "TIGR03534", "PF08206", "PF04265", "PF13507", "PF12631", "TIGR04018", "TIGR02869", "PF00673", "TIGR02214", "PF03147", "TIGR00436", "TIGR00735", "PF00203", "TIGR00185", "PF07315", "PF10628", "PF02700", "PF04093", "TIGR01575", "PF00333", "PF01812", "PF00290", "PF05188", "PF01192", "PF00416", "PF00035", "PF08478", "PF01765", "TIGR00587", "PF13331", "PF05991", "PF01702", "TIGR02773", "PF01761", "TIGR02886", "PF10673", "PF01176", "TIGR00154", "PF04983", "TIGR02785", "PF06418", "TIGR00457", "PF02580", "PF00238", "PF09991", "PF05636", "PF01071", "PF05833", "PF02620", "PF02033", "PF01252", "PF03418", "PF01148", "TIGR00160", "PF01209", "TIGR01019", "PF01016", "TIGR00057", "TIGR00515", "PF14089", "PF05848", "PF13291", "PF02569", "TIGR00419", "PF00298", "PF11084", "PF00707", "TIGR00422", "PF05198", "PF01985", "PF14098", "PF00032", "PF03726", "TIGR00595", "PF09902", "PF00562", "PF06135", "TIGR00201", "PF02823", "PF09547", "TIGR01968", "PF01715", "PF04297", "PF02482", "PF14068", "PF09186", "TIGR00634", "PF02912", "PF00276", "TIGR00132", "PF00366", "TIGR00563", "PF00181", "TIGR00539", "PF10410", "PF01132", "PF01195", "PF08459", "PF02132", "TIGR03598", "PF06971", "PF01509", "TIGR00878", "TIGR01391", "TIGR00962", "PF04560", "PF00825", "PF08222", "TIGR00344", "PF02565", "PF02110", "PF06257", "PF01634", "TIGR00329", "PF01025", "PF00861", "TIGR03597", "PF13735", "PF02664", "PF10263", "TIGR00755", "PF07499", "PF07435", "TIGR01448", "PF02772", "PF04760", "TIGR02892", "PF06207", "PF00430", "PF05191", "PF01165", "PF01196", "PF02367", "PF10958", "PF07497", "PF05066", "TIGR00235", "PF03120", "PF00177", "PF07408", "TIGR00670", "PF06421", "TIGR02168", "PF04456", "PF09371", "PF03775", "PF00885", "TIGR01736", "TIGR02870", "PF08676", "PF14007", "PF02843", "PF01597", "PF03979", "PF04998", "PF03772", "TIGR01082", "TIGR02877", "PF00958", "TIGR01061", "PF02464", "PF02637", "TIGR00444", "PF01743", "TIGR00628", "TIGR00044", "PF08442", "PF05173", "PF09578", "PF00231", "PF00763", "PF02882", "TIGR00922", "TIGR01925", "PF02601", "PF00687", "PF02686", "TIGR01951", "TIGR00521", "PF00773", "PF01127", "PF13085", "PF07085", "PF03419", "PF02844", "PF10966", "PF13797", "TIGR01161", "TIGR03695", "PF11117", "PF02261", "PF10079", "PF13413", "PF06962", "PF03449", "PF08712", "PF06470", "TIGR00464", "PF01171", "PF01668", "PF03484", "PF13631", "PF02224", "PF00189", "PF13932", "PF13275", "PF11023", "PF03602", "PF04997", "PF00625", "PF08769", "PF00119", "TIGR01668", "TIGR00643", "PF00572", "PF00347", "TIGR02651", "TIGR00560", "PF04561", "PF00828", "PF09190", "PF01084", "PF03477", "TIGR00855", "PF02631", "TIGR00107", "PF02978", "PF14120", "TIGR00200", "TIGR01883", "PF04327", "PF02401", "PF01725", "PF06325", "PF12116", "PF11868", "TIGR01981", "PF00137", "PF05164", "TIGR01978", "PF00217", "PF12627", "PF02568", "PF14069", "TIGR02850", "TIGR00647", "PF07288", "TIGR01302", "PF12344", "PF06969", "PF01478", "PF01556", "PF00318", "PF02590", "PF03119", "PF13481", "PF02237", "PF04468", "PF03309", "PF00684", "PF02887", "TIGR02865", "PF13277", "PF05697", "TIGR02350", "TIGR01811", "PF03948", "PF03900", "TIGR01039", "PF00297", "TIGR01311", "PF05000", "PF10385", "PF01379", "PF03947", "PF07307", "PF01728", "TIGR02673", "TIGR00054", "PF01653", "PF07549", "PF09148", "PF01018", "TIGR01407", "TIGR01579", "TIGR01455", "PF00677", "PF01330", "TIGR02852", "TIGR03692", "PF00163", "PF01255", "TIGR01929", "TIGR00510", "PF00254", "PF10458", "TIGR01696", "PF09648", "PF08207", "TIGR02046", "TIGR02748", "TIGR01084", "PF11490", "PF05201", "TIGR01481", "PF02355", "PF00411", "PF08838", "TIGR01173", "PF04260", "TIGR01855", "TIGR01496", "PF00475", "PF08529", "PF00334", "PF02545", "TIGR01457", "PF00338", "PF06838", "PF01409", "PF06071", "TIGR00173"], "GCN2": ["PF01325"], "GCN3": [], "GCN4": [], "GCN5+": []}