{"marker lineage": "f__Paenibacillaceae", "# genomes": 32, "# markers": 468, "# marker sets": 170, "0": 2, "1": 466, "2": 0, "3": 0, "4": 0, "5+": 0, "Completeness": 99.65686274509802, "Contamination": 0.0, "GC": 0.498861722649772, "GC std": 0.0, "Genome size": 5289572, "# ambiguous bases": 0, "# scaffolds": 1, "# contigs": 1, "Longest scaffold": 5289572, "Longest contig": 5289572, "N50 (scaffolds)": 5289572, "N50 (contigs)": 5289572, "Mean scaffold length": 5289572.0, "Mean contig length": 5289572.0, "Coding density": 0.8622646595981679, "Translation table": 11, "# predicted genes": 4783, "GCN0": ["PF08676", "PF13603"], "GCN1": ["PF00312", "PF00252", "TIGR03596", "PF00627", "TIGR00531", "PF02092", "PF10635", "PF10141", "TIGR00186", "TIGR03700", "PF05670", "TIGR02875", "PF02481", "PF00831", "TIGR03426", "PF13742", "PF00327", "PF01713", "PF02623", "PF00344", "TIGR01740", "PF02542", "PF07949", "TIGR00122", "PF08756", "PF03646", "TIGR00360", "PF06569", "PF13769", "TIGR03826", "PF02787", "PF00889", "TIGR01405", "PF02578", "TIGR01051", "PF09986", "TIGR01087", "PF06689", "PF01416", "PF08482", "TIGR01499", "PF02491", "TIGR00137", "PF02152", "TIGR00247", "PF01406", "PF00162", "PF03975", "PF00926", "PF04565", "PF00745", "PF11967", "PF00573", "PF00281", "PF03461", "PF01884", "PF01238", "TIGR00981", "PF01513", "TIGR00390", "TIGR00737", "PF00453", "PF00406", "TIGR00183", "PF01933", "TIGR00611", "TIGR00121", "PF02153", "PF08436", "PF11877", "PF02130", "PF01245", "PF01351", "TIGR00717", "PF02504", "TIGR02135", "TIGR00789", "TIGR00639", "PF11734", "PF01729", "TIGR01259", "PF04472", "TIGR01162", "PF02699", "PF01782", "PF10776", "PF00237", "PF13335", "PF06415", "PF06156", "PF04551", "TIGR00478", "PF00623", "TIGR00593", "PF01502", "TIGR03723", "PF01687", "PF02527", "TIGR00392", "PF04461", "PF06265", "PF01649", "PF02749", "PF02576", "PF10396", "PF04296", "PF13288", "PF09269", "PF00380", "PF02616", "PF06144", "PF04563", "PF04452", "PF00365", "PF03255", "TIGR01994", "PF00764", "PF00584", "PF01205", "TIGR02492", "PF04079", "PF02390", "PF02108", "PF13184", "PF03840", "PF03946", "PF06574", "PF10150", "PF12327", "PF03143", "PF02773", "TIGR04001", "PF02091", "PF12945", "PF00438", "PF04816", "PF02190", "PF03719", "TIGR00416", "TIGR03999", "PF02410", "TIGR00152", "PF02934", "PF04026", "PF00410", "TIGR00096", "PF11987", "PF14174", "PF05491", "PF00490", "PF01514", "PF02021", "PF09285", "PF13684", "PF01250", "TIGR01203", "PF01450", "PF06491", "PF01119", "PF07187", "TIGR03594", "PF01746", "PF12072", "PF00886", "PF10298", "PF01628", "PF03652", "PF01795", "PF00829", "PF04263", "TIGR01079", "TIGR03188", "PF09182", "PF00166", "PF13292", "PF00466", "PF01219", "PF08206", "PF04265", "PF13507", "PF00673", "PF03147", "TIGR00436", "TIGR00735", "PF00203", "TIGR00185", "PF02639", "TIGR00977", "PF02700", "PF04093", "TIGR00328", "TIGR01575", "PF01812", "PF00333", "PF01192", "PF00416", "TIGR01394", "PF00035", "PF08478", "PF01765", "PF06039", "PF13331", "PF01281", "PF05991", "PF00227", "TIGR02773", "PF01176", "TIGR01026", "TIGR00154", "PF04983", "TIGR02550", "TIGR02785", "PF02580", "PF00238", "PF09991", "PF01071", "PF05833", "PF02620", "PF02033", "PF02325", "PF06107", "TIGR00160", "PF01016", "TIGR01019", "TIGR00515", "PF05848", "PF02569", "PF07386", "TIGR00503", "PF00298", "PF13509", "TIGR03664", "TIGR00422", "TIGR03699", "PF01985", "TIGR02480", "PF13567", "PF03726", "TIGR00595", "PF01706", "PF09902", "PF04025", "PF00562", "PF06135", "TIGR01968", "PF07136", "PF01715", "PF04297", "PF02482", "PF05384", "PF02561", "TIGR00020", "PF09186", "TIGR00634", "PF05130", "PF02912", "PF00276", "TIGR00132", "PF00366", "TIGR00563", "PF00181", "PF10410", "PF01132", "PF01195", "PF08459", "TIGR03598", "PF06971", "PF01509", "TIGR01391", "PF04316", "TIGR00655", "PF04560", "TIGR00344", "PF02565", "PF06257", "PF01634", "TIGR00329", "PF05389", "TIGR00191", "PF01025", "PF00861", "TIGR02055", "TIGR03597", "PF13735", "PF02154", "TIGR00755", "PF07499", "PF07435", "TIGR01036", "PF14450", "PF02772", "TIGR00761", "PF05191", "PF01196", "TIGR01464", "PF02367", "TIGR03499", "PF00186", "TIGR00019", "TIGR02948", "PF03120", "PF00177", "PF10850", "PF07408", "PF07698", "PF06421", "PF00813", "TIGR02168", "PF03775", "PF00885", "TIGR01736", "TIGR01073", "PF02843", "PF03979", "PF04998", "PF01288", "PF09929", "TIGR01061", "TIGR03139", "PF02464", "TIGR00551", "PF02637", "TIGR00444", "PF01743", "PF08442", "TIGR00244", "PF05173", "TIGR00228", "PF13380", "PF01128", "TIGR00922", "TIGR01357", "PF03963", "PF02686", "TIGR01951", "TIGR01395", "PF00773", "PF01127", "PF02844", "PF13797", "PF10079", "PF02081", "PF13413", "PF06962", "PF02833", "TIGR01212", "PF06470", "PF07736", "PF01171", "PF01668", "TIGR03497", "PF03484", "PF01311", "TIGR01134", "PF02224", "PF00585", "PF00189", "PF11772", "PF02670", "PF03054", "PF13932", "PF13275", "TIGR01966", "PF02609", "TIGR02479", "PF04997", "PF03960", "TIGR00643", "PF00572", "PF00347", "TIGR02348", "PF02650", "PF04561", "PF00828", "PF08345", "PF09190", "PF01084", "TIGR00855", "PF02631", "PF02978", "TIGR00200", "TIGR01883", "PF01725", "PF02401", "TIGR00120", "PF06325", "PF00311", "PF00217", "PF02568", "PF01709", "PF12344", "PF01313", "TIGR01934", "PF00318", "TIGR00384", "PF12392", "PF06289", "PF04468", "PF03309", "PF00684", "TIGR02859", "PF03990", "PF00121", "PF02049", "PF13277", "PF05697", "TIGR00434", "TIGR03609", "TIGR02350", "TIGR01811", "PF13241", "PF03948", "PF03900", "PF00297", "PF05000", "PF10385", "PF01379", "TIGR00443", "PF04298", "PF03947", "PF07307", "PF04445", "TIGR02673", "TIGR00054", "PF01653", "PF01865", "TIGR00407", "PF01018", "TIGR01407", "TIGR01579", "PF04085", "TIGR01455", "PF00677", "PF01330", "PF03885", "PF00163", "PF02050", "PF01078", "PF00254", "PF02445", "PF04204", "PF10458", "PF01193", "PF08207", "TIGR02046", "TIGR02748", "PF00742", "TIGR03263", "TIGR01084", "PF11490", "PF05201", "TIGR01481", "PF01000", "TIGR01173", "TIGR01855", "TIGR01496", "PF08529", "PF07697", "PF02545", "PF00338", "PF06838", "PF04347", "PF04127", "PF06071", "PF06153", "PF14116"], "GCN2": [], "GCN3": [], "GCN4": [], "GCN5+": []}