{"marker lineage": "f__Paenibacillaceae", "# genomes": 46, "# markers": 481, "# marker sets": 186, "0": 2, "1": 474, "2": 5, "3": 0, "4": 0, "5+": 0, "Completeness": 99.6415770609319, "Contamination": 1.568100358422939, "GC": 0.5216654479889845, "GC std": 0.04661271440535462, "Genome size": 6083096, "# ambiguous bases": 0, "# scaffolds": 60, "# contigs": 60, "Longest scaffold": 1308655, "Longest contig": 1308655, "N50 (scaffolds)": 1011998, "N50 (contigs)": 1011998, "Mean scaffold length": 101384.93333333333, "Mean contig length": 101384.93333333333, "Coding density": 0.8771937842177733, "Translation table": 11, "# predicted genes": 5590, "GCN0": ["PF00825", "PF13603"], "GCN1": ["PF00312", "PF00252", "TIGR00113", "TIGR03596", "PF00627", "PF10635", "TIGR03700", "PF00401", "PF05670", "PF02481", "PF00831", "TIGR03426", "PF13742", "PF00327", "PF01713", "PF02623", "PF00344", "TIGR01740", "PF02542", "TIGR00122", "PF07949", "PF08756", "TIGR00360", "PF06569", "TIGR00884", "TIGR03826", "PF00889", "TIGR01405", "PF02578", "PF03952", "TIGR01051", "TIGR00963", "PF06689", "PF02575", "PF07319", "PF01416", "TIGR01499", "PF02491", "TIGR00137", "PF02152", "TIGR00247", "PF01406", "PF00162", "PF03975", "PF00926", "PF04565", "PF00745", "PF11967", "PF00573", "PF00281", "PF03461", "PF01884", "PF08299", "PF00113", "TIGR00390", "TIGR00737", "TIGR01091", "TIGR00499", "PF00697", "PF00453", "PF00406", "TIGR00183", "PF01933", "TIGR00611", "TIGR00121", "PF02153", "PF08436", "PF02130", "PF01245", "PF01351", "TIGR00717", "PF02504", "TIGR00789", "TIGR00639", "PF11734", "TIGR00968", "TIGR01259", "PF04472", "TIGR01083", "PF00213", "TIGR01162", "PF02699", "PF01782", "PF10776", "PF00237", "PF13335", "PF06415", "PF06156", "PF04551", "TIGR00478", "TIGR00888", "PF08741", "PF00623", "TIGR00593", "PF01502", "TIGR03723", "PF01687", "PF02527", "PF01649", "PF02576", "PF10396", "PF04296", "PF13288", "PF00380", "PF09269", "PF02616", "PF06144", "PF04563", "PF04452", "TIGR00460", "PF03255", "PF00584", "PF01205", "TIGR02492", "PF04079", "PF03481", "PF02390", "PF12002", "PF02108", "TIGR00619", "PF13184", "PF03840", "PF03946", "PF06574", "PF10150", "PF12327", "PF03143", "PF03668", "PF02773", "TIGR04001", "PF12945", "PF00438", "PF01424", "PF02190", "PF04816", "PF03719", "TIGR00416", "TIGR03999", "PF02410", "TIGR00152", "TIGR01027", "TIGR01144", "PF06612", "PF04026", "PF02934", "PF00410", "TIGR00096", "PF11987", "PF01632", "PF05491", "PF00490", "PF06778", "PF01210", "PF01514", "PF02021", "PF09285", "PF13684", "PF01250", "TIGR01203", "PF01450", "PF02938", "PF06491", "PF01119", "TIGR03594", "PF07187", "PF01746", "PF00164", "PF12072", "PF00886", "PF10298", "PF01628", "PF03652", "PF01795", "PF00829", "TIGR01079", "TIGR03188", "PF09182", "PF08331", "PF13292", "PF00466", "PF01219", "PF08206", "PF13507", "PF12631", "PF00673", "TIGR00078", "PF03147", "TIGR00436", "TIGR00735", "PF00203", "TIGR00185", "PF02639", "PF02700", "PF04093", "TIGR00328", "TIGR01575", "PF00333", "PF01812", "PF10031", "PF01192", "TIGR01090", "PF00416", "TIGR01394", "PF00035", "PF01765", "PF09424", "PF02863", "PF13331", "PF01281", "PF05991", "PF00227", "PF01702", "TIGR02773", "PF01176", "TIGR01026", "TIGR00154", "PF04983", "TIGR02550", "TIGR02785", "PF06418", "PF02580", "PF00238", "PF09991", "PF01071", "PF05833", "PF02620", "PF02033", "PF02325", "PF06107", "TIGR00160", "PF01016", "TIGR00057", "TIGR00515", "PF05848", "PF02569", "TIGR00503", "PF00298", "PF13509", "TIGR00422", "TIGR03699", "PF01985", "TIGR01216", "TIGR02480", "PF13567", "PF03726", "PF13025", "TIGR00595", "PF01706", "PF09902", "PF04025", "PF00562", "PF06135", "TIGR01968", "PF01715", "PF04297", "PF05384", "PF02561", "TIGR00020", "PF09186", "TIGR00634", "PF05130", "PF02912", "PF00276", "TIGR00132", "PF00366", "TIGR00563", "PF00181", "TIGR00539", "PF10410", "PF01132", "PF01195", "PF08459", "PF02132", "TIGR03598", "PF06971", "PF01509", "TIGR01391", "TIGR00962", "TIGR00691", "PF04316", "PF04560", "TIGR00344", "PF02565", "PF06257", "PF01634", "PF01592", "PF05389", "TIGR00191", "PF01025", "PF00861", "TIGR03597", "PF13735", "PF02154", "TIGR00755", "PF07499", "PF07435", "TIGR00246", "PF02772", "TIGR00761", "PF04760", "PF05191", "PF01196", "PF02367", "TIGR03499", "PF07497", "PF00186", "TIGR00019", "PF03120", "PF00177", "PF01316", "PF10850", "PF07408", "PF06421", "PF00813", "TIGR02168", "PF09371", "PF03775", "PF00885", "TIGR01736", "PF08676", "TIGR01073", "PF02843", "PF04998", "PF01288", "TIGR01061", "TIGR03139", "PF02464", "TIGR00551", "PF02637", "TIGR00444", "TIGR00244", "PF05173", "TIGR00228", "PF13380", "PF00231", "PF01128", "TIGR00922", "TIGR01357", "PF03963", "PF00687", "PF02686", "TIGR01395", "PF00773", "PF01127", "PF02844", "PF13797", "PF10079", "PF02081", "PF06962", "PF12611", "TIGR01212", "PF06470", "PF07736", "PF01171", "PF01668", "TIGR03497", "PF03484", "PF01311", "TIGR01134", "PF02224", "PF12169", "PF00189", "PF11772", "PF02670", "PF03054", "PF13932", "PF01174", "PF13275", "TIGR01966", "PF02609", "TIGR02479", "PF07479", "PF02381", "PF04997", "PF08769", "PF00119", "TIGR01668", "TIGR00643", "PF00572", "PF01741", "PF00347", "TIGR02651", "PF02650", "PF04561", "PF00828", "PF08345", "PF09190", "TIGR00855", "PF02631", "PF02978", "TIGR00200", "TIGR01883", "PF01725", "PF02401", "PF04306", "PF00137", "PF00217", "PF02568", "PF12344", "PF01313", "TIGR01934", "PF00318", "TIGR00384", "TIGR00636", "PF06289", "PF04468", "PF00684", "PF03309", "TIGR02859", "PF03990", "PF00121", "PF02049", "PF13277", "PF05697", "TIGR03609", "TIGR02350", "TIGR01811", "PF13241", "PF03948", "TIGR01039", "PF03900", "PF00297", "PF05000", "PF10385", "PF01379", "TIGR00443", "PF04298", "PF03947", "PF07307", "PF04445", "TIGR02673", "TIGR00054", "PF01653", "TIGR00407", "TIGR02482", "PF09148", "PF01018", "TIGR01407", "TIGR01579", "PF04085", "PF00677", "PF01330", "PF03885", "PF00163", "PF01255", "PF02050", "PF00254", "PF02445", "PF10458", "PF01193", "PF09648", "PF08207", "TIGR02046", "TIGR02748", "TIGR03263", "TIGR01084", "PF11490", "PF05201", "TIGR01481", "PF01000", "PF04260", "TIGR01855", "TIGR01496", "PF08529", "PF02545", "TIGR01457", "PF00338", "PF06838", "PF04347", "PF04127", "PF01409", "PF06071", "PF06153", "PF14116"], "GCN2": ["PF08478", "TIGR03664", "TIGR00655", "PF05066", "PF01743"], "GCN3": [], "GCN4": [], "GCN5+": []}