{"marker lineage": "c__Bacilli", "# genomes": 764, "# markers": 273, "# marker sets": 151, "0": 2, "1": 268, "2": 3, "3": 0, "4": 0, "5+": 0, "Completeness": 98.67549668874172, "Contamination": 1.5452538631346577, "GC": 0.39731778342675494, "GC std": 0.11118891723272648, "Genome size": 3935029, "# ambiguous bases": 0, "# scaffolds": 5, "# contigs": 5, "Longest scaffold": 3929449, "Longest contig": 3929449, "N50 (scaffolds)": 3929449, "N50 (contigs)": 3929449, "Mean scaffold length": 787005.8, "Mean contig length": 787005.8, "Coding density": 0.8519304432063906, "Translation table": 11, "# predicted genes": 3909, "GCN0": ["PF13603", "TIGR02651"], "GCN1": ["PF00312", "PF00252", "TIGR03596", "PF00627", "PF10141", "TIGR00186", "PF00401", "PF05670", "PF00831", "PF13742", "PF00327", "PF01713", "TIGR01145", "TIGR01740", "PF07949", "PF00889", "TIGR01405", "TIGR01051", "TIGR01087", "PF06689", "PF07319", "PF02491", "TIGR00651", "PF01406", "PF00162", "PF04565", "PF11967", "PF00573", "PF08275", "PF00281", "PF03461", "PF00830", "PF08299", "TIGR01091", "TIGR00499", "PF00453", "PF00406", "PF01933", "TIGR00611", "PF02130", "PF01245", "PF02504", "PF00709", "PF06160", "TIGR03725", "TIGR01259", "PF04472", "PF01782", "PF00237", "PF00623", "TIGR00593", "TIGR03723", "PF02527", "PF06265", "PF01649", "PF02576", "PF00118", "PF04296", "PF00380", "PF09269", "PF02616", "PF03672", "PF06144", "PF04563", "PF01205", "PF00584", "PF04079", "PF00140", "PF02390", "PF13184", "PF03840", "PF03946", "PF05190", "PF12327", "PF03668", "PF00265", "PF02603", "PF04816", "PF03719", "TIGR00416", "PF02410", "PF02911", "PF02934", "PF01121", "PF00410", "TIGR00096", "PF11987", "PF01632", "PF05491", "PF13684", "PF01250", "PF01119", "TIGR03594", "PF01746", "PF00164", "PF00886", "PF10298", "PF01628", "PF03799", "PF03652", "PF01795", "PF00829", "PF04263", "TIGR01079", "PF09182", "PF01624", "PF00166", "PF00466", "TIGR03534", "PF08206", "PF00673", "PF03147", "TIGR00436", "PF00203", "TIGR00185", "PF02223", "PF00333", "PF01192", "PF00416", "TIGR01394", "PF00035", "PF01765", "PF13331", "PF01281", "PF01176", "PF04983", "TIGR02785", "TIGR00516", "PF02580", "TIGR00457", "PF00238", "PF05636", "PF05833", "PF02620", "PF02033", "PF01148", "PF06107", "PF01434", "PF01016", "TIGR00057", "PF00298", "PF00707", "TIGR00422", "PF05198", "TIGR01216", "TIGR00595", "PF09902", "PF00562", "PF06135", "PF01715", "PF04297", "PF02482", "TIGR00020", "PF09186", "TIGR00634", "PF02912", "PF00276", "TIGR00132", "PF00366", "TIGR00563", "PF00181", "PF01195", "PF08459", "PF02132", "TIGR03598", "PF01509", "TIGR00691", "PF04560", "PF00825", "TIGR00344", "PF02565", "PF06257", "TIGR00329", "PF01025", "PF00861", "TIGR03597", "PF13735", "TIGR00755", "PF07499", "TIGR00536", "PF00430", "PF01165", "PF01196", "PF02367", "PF05066", "PF03120", "PF00177", "PF06421", "TIGR02168", "PF08676", "TIGR01073", "TIGR01510", "PF04998", "TIGR01082", "PF00958", "TIGR01061", "PF02637", "TIGR01135", "PF00763", "PF02882", "PF02601", "PF00687", "PF02686", "TIGR01951", "PF00773", "PF06470", "TIGR00464", "PF01171", "PF01668", "PF03484", "PF02224", "PF00189", "PF13275", "PF02609", "PF03602", "PF04997", "PF00119", "TIGR01668", "TIGR00643", "PF00572", "PF00347", "PF02650", "PF04561", "PF00828", "PF09190", "PF01084", "TIGR00855", "PF02631", "PF02978", "PF06325", "PF12627", "PF02357", "PF12344", "PF01556", "PF00318", "PF02590", "PF03119", "PF02887", "PF05697", "TIGR02350", "PF03948", "PF00297", "PF05000", "PF10385", "PF03947", "TIGR00054", "PF01653", "TIGR00594", "PF09148", "PF01018", "TIGR01455", "PF01330", "PF00163", "PF01255", "PF00254", "PF10458", "PF01193", "TIGR03263", "PF11490", "TIGR01481", "PF00411", "PF01000", "TIGR01173", "PF08529", "TIGR01457", "PF00338", "PF01409", "PF06071"], "GCN2": ["TIGR00445", "TIGR00552", "PF14450"], "GCN3": [], "GCN4": [], "GCN5+": []}