{"marker lineage": "g__Bacillus", "# genomes": 93, "# markers": 711, "# marker sets": 241, "0": 1, "1": 710, "2": 0, "3": 0, "4": 0, "5+": 0, "Completeness": 99.5850622406639, "Contamination": 0.0, "GC": 0.41156261316713666, "GC std": 0.0322726833924583, "Genome size": 3719609, "# ambiguous bases": 0, "# scaffolds": 3, "# contigs": 3, "Longest scaffold": 3705849, "Longest contig": 3705849, "N50 (scaffolds)": 3705849, "N50 (contigs)": 3705849, "Mean scaffold length": 1239869.6666666667, "Mean contig length": 1239869.6666666667, "Coding density": 0.8714096024609038, "Translation table": 11, "# predicted genes": 3777, "GCN0": ["PF13603"], "GCN1": ["PF00252", "TIGR03596", "PF00627", "PF08830", "PF06014", "PF10704", "PF10635", "PF10141", "PF01923", "TIGR00186", "PF01070", "PF06855", "PF00401", "TIGR02858", "PF05670", "PF14182", "TIGR01341", "TIGR01787", "PF00831", "TIGR03426", "PF13742", "PF00327", "PF01713", "PF14034", "TIGR01740", "PF02542", "PF07949", "PF02674", "TIGR00528", "PF06569", "PF03755", "TIGR00041", "PF13769", "PF13484", "PF02547", "PF00889", "PF02578", "PF14167", "PF01928", "PF07441", "PF03952", "TIGR01051", "TIGR01087", "PF02548", "PF06689", "PF12758", "PF10418", "PF02575", "PF07319", "PF01430", "TIGR01499", "PF02491", "TIGR00651", "TIGR00137", "PF02152", "TIGR00247", "PF01406", "TIGR02884", "PF00162", "PF05580", "PF01189", "TIGR01697", "TIGR00498", "PF01272", "PF00926", "PF13793", "PF00850", "PF04565", "PF00745", "PF11967", "PF00573", "PF09551", "TIGR02152", "PF03951", "PF00281", "PF01808", "PF03461", "PF00830", "PF00464", "PF01884", "PF08299", "TIGR00973", "PF09671", "PF00113", "TIGR01091", "TIGR00499", "PF00697", "TIGR02830", "PF00453", "PF00406", "TIGR00183", "PF01933", "TIGR00611", "TIGR02905", "TIGR02705", "PF12670", "TIGR02856", "PF14039", "PF02130", "PF01245", "PF02504", "TIGR00717", "TIGR02896", "TIGR02881", "PF00709", "PF06160", "TIGR03725", "PF08267", "PF00766", "TIGR00639", "PF01208", "PF00255", "PF01106", "PF05690", "PF11734", "PF01729", "TIGR02866", "TIGR01259", "PF10702", "PF04472", "TIGR01083", "PF00213", "TIGR01162", "PF02699", "PF01782", "TIGR03827", "PF10776", "PF00237", "PF06415", "PF00034", "PF06156", "PF04551", "PF10730", "PF00342", "PF08741", "TIGR01980", "PF00623", "TIGR00593", "TIGR02848", "TIGR03723", "PF11151", "PF04285", "PF02527", "PF04461", "TIGR00153", "PF06265", "PF01649", "PF04241", "PF02576", "TIGR00409", "PF14036", "PF00118", "PF08810", "PF07997", "PF10396", "PF04296", "PF09546", "PF00380", "PF09269", "PF02616", "PF03672", "TIGR01172", "PF04563", "PF04452", "PF08535", "PF00764", "PF01205", "PF04079", "PF00140", "PF03481", "PF02390", "TIGR02851", "PF02403", "TIGR00619", "PF13184", "PF06961", "PF03840", "PF03946", "PF03079", "PF14179", "TIGR00445", "PF05190", "PF03143", "PF05256", "PF03668", "PF02773", "PF11079", "TIGR04001", "PF10815", "PF02603", "PF10437", "PF10646", "PF01424", "PF02190", "PF04816", "PF00438", "PF03719", "PF02896", "TIGR03999", "PF00570", "PF01967", "PF02410", "TIGR02908", "PF10942", "PF01325", "PF06612", "PF02934", "PF01121", "PF00410", "TIGR00096", "PF11987", "PF01632", "PF05491", "PF06778", "PF10388", "PF09285", "PF02789", "PF13684", "TIGR01979", "PF01250", "PF06798", "PF02742", "PF02938", "PF01119", "PF00218", "TIGR03594", "PF07187", "TIGR02835", "PF01259", "PF04238", "PF01746", "PF00815", "PF00164", "PF12072", "PF00886", "PF10298", "PF01628", "PF06866", "PF03799", "PF03652", "PF01795", "PF00829", "TIGR01241", "PF04263", "TIGR01079", "TIGR03188", "PF10752", "PF09182", "TIGR00171", "PF14143", "PF08331", "PF08680", "PF01624", "PF00166", "PF00466", "PF01219", "TIGR03534", "PF08206", "PF04265", "PF13507", "PF12631", "TIGR04018", "TIGR02869", "PF00673", "PF10750", "TIGR02214", "PF03147", "TIGR00436", "TIGR00735", "PF03698", "PF00203", "PF04020", "TIGR00185", "PF07315", "PF10628", "PF02700", "PF04093", "TIGR01575", "PF12438", "PF00333", "PF01812", "PF00290", "PF05188", "PF01192", "PF00416", "PF00035", "PF08478", "TIGR00587", "PF01765", "PF13331", "PF05991", "PF01702", "TIGR02773", "PF01761", "TIGR02886", "PF00120", "PF10673", "PF01176", "TIGR01885", "TIGR00154", "TIGR02871", "PF04983", "TIGR02785", "PF06418", "TIGR03333", "PF10751", "PF10747", "PF02580", "TIGR00457", "PF00238", "PF09991", "PF05636", "PF01071", "PF05833", "PF10835", "PF02620", "PF02033", "TIGR02902", "PF08796", "PF01252", "PF03418", "TIGR03402", "PF13743", "TIGR01197", "PF01148", "PF03205", "TIGR00160", "PF01209", "PF01016", "TIGR01019", "TIGR00057", "TIGR00515", "PF14089", "TIGR02901", "PF05848", "PF00533", "PF13291", "PF02569", "TIGR02873", "PF00298", "PF11116", "PF13509", "PF11084", "PF00707", "TIGR00422", "PF05198", "PF01985", "PF14098", "TIGR00965", "TIGR02897", "PF00032", "PF13567", "PF03726", "PF13025", "PF08298", "TIGR00595", "PF09902", "PF04025", "PF11728", "PF00562", "PF06135", "PF10555", "TIGR00201", "PF02823", "PF09547", "PF03486", "TIGR01968", "PF07136", "PF01715", "PF04297", "PF02482", "PF14068", "PF10369", "PF13782", "PF10732", "PF09186", "TIGR00634", "TIGR02889", "PF02912", "PF00276", "TIGR01700", "TIGR00132", "PF00366", "PF00181", "TIGR00539", "PF10410", "PF01132", "PF01195", "TIGR01825", "PF12164", "PF08459", "TIGR00064", "PF02132", "TIGR03598", "PF06971", "TIGR00878", "TIGR01391", "TIGR00962", "PF14038", "PF11858", "PF04560", "PF00825", "PF09922", "PF08222", "TIGR00344", "PF02565", "PF02110", "PF06257", "PF01634", "TIGR00329", "PF14071", "PF01025", "PF00861", "PF10763", "PF12823", "TIGR03597", "PF13735", "TIGR01850", "PF02664", "TIGR03144", "TIGR02615", "TIGR00755", "PF07499", "PF10949", "PF07435", "PF02219", "TIGR01448", "PF14450", "TIGR01364", "PF02772", "PF10970", "TIGR00761", "PF04760", "PF11085", "TIGR02892", "PF06207", "PF00430", "PF05191", "PF01165", "PF01196", "PF02367", "TIGR02352", "PF10958", "PF07497", "PF05066", "PF10957", "TIGR00235", "PF03120", "TIGR01116", "PF00177", "PF04186", "TIGR03332", "PF07408", "PF07698", "TIGR00670", "PF06421", "TIGR02168", "PF04456", "PF14177", "PF09371", "PF03775", "PF00885", "TIGR01736", "TIGR02870", "PF08676", "TIGR01073", "PF14007", "PF02843", "PF01597", "PF03979", "TIGR02890", "PF04998", "PF03772", "TIGR01082", "PF00958", "TIGR01061", "PF02464", "TIGR00551", "PF02637", "TIGR00444", "PF10672", "PF01743", "TIGR00628", "TIGR01135", "TIGR00044", "PF08442", "PF14162", "PF05173", "PF09578", "PF09577", "PF08807", "PF13380", "PF00231", "PF00763", "PF02882", "TIGR00922", "TIGR01925", "PF02601", "PF00687", "PF02686", "TIGR01951", "PF08340", "PF00773", "TIGR00521", "PF14044", "PF01127", "PF13085", "PF07085", "TIGR03994", "PF02436", "PF03419", "PF02844", "PF10966", "PF14168", "PF13797", "TIGR01161", "TIGR03695", "PF11117", "PF01904", "PF02261", "PF14043", "PF10079", "PF13413", "PF06962", "PF03449", "PF10740", "PF02833", "TIGR02141", "TIGR02895", "TIGR01212", "PF08712", "PF06470", "TIGR02849", "TIGR00464", "PF01171", "PF01668", "TIGR00052", "PF03484", "TIGR02831", "TIGR01134", "PF08812", "TIGR02737", "PF13631", "PF02224", "PF00189", "PF03054", "PF13932", "PF01174", "PF11009", "PF13275", "TIGR01966", "TIGR00224", "PF11023", "PF03602", "PF04997", "PF00625", "PF08769", "PF00119", "TIGR01668", "TIGR00643", "PF00572", "PF14147", "PF01741", "PF00347", "TIGR02651", "PF01678", "TIGR00560", "PF14165", "PF04561", "PF14003", "PF00828", "PF09190", "PF00920", "PF01084", "PF03477", "PF12227", "TIGR00855", "TIGR00716", "PF02631", "TIGR02904", "TIGR00107", "PF02978", "PF10955", "PF14120", "PF13541", "TIGR00200", "TIGR01883", "PF04327", "PF02401", "PF01725", "TIGR00120", "PF06325", "PF12116", "PF13558", "PF04306", "TIGR01981", "PF00137", "PF05164", "TIGR01978", "PF00217", "PF09515", "PF12627", "PF02568", "PF14069", "TIGR02850", "PF07288", "TIGR00647", "TIGR01302", "TIGR00007", "TIGR00545", "PF12344", "PF06969", "PF01478", "PF01556", "TIGR03181", "PF00318", "PF02590", "PF03119", "PF00883", "PF02237", "PF04468", "PF03309", "PF00684", "PF08503", "PF00121", "TIGR02865", "PF13277", "TIGR00016", "PF05697", "PF14004", "PF14035", "PF12368", "TIGR01824", "TIGR02350", "TIGR01811", "PF03948", 